{"cameraMode":{"drawMode":0,"name":"Shaded","section":"Shading Mode"},"sceneLighting":true,"audioPlay":false,"sceneViewState":{"m_AlwaysRefresh":false,"showFog":true,"showSkybox":true,"showFlares":true,"showImageEffects":true,"showParticleSystems":true,"showVisualEffectGraphs":true,"m_FxEnabled":true},"in2DMode":false,"pivot":{"x":-9.450041770935059,"y":2.083706855773926,"z":-15.128442764282227},"rotation":{"x":-0.028427718207240106,"y":0.48802825808525088,"z":-0.01925087533891201,"w":-0.8727591633796692},"size":-0.15337872505187989,"orthographic":false}