{"cameraMode":{"drawMode":0,"name":"Shaded","section":"Shading Mode"},"sceneLighting":false,"audioPlay":false,"sceneViewState":{"m_AlwaysRefresh":false,"showFog":true,"showSkybox":false,"showFlares":true,"showImageEffects":true,"showParticleSystems":true,"showVisualEffectGraphs":true,"m_FxEnabled":true},"in2DMode":false,"pivot":{"x":0.3286466598510742,"y":-0.003792285919189453,"z":11.66358757019043},"rotation":{"x":0.15353527665138246,"y":0.671812891960144,"z":-0.14454637467861176,"w":0.7104649543762207},"size":4.249096393585205,"orthographic":false}