{"cameraMode":{"drawMode":0,"name":"Shaded","section":"Shading Mode"},"sceneLighting":false,"audioPlay":false,"sceneViewState":{"m_AlwaysRefresh":false,"showFog":true,"showSkybox":false,"showFlares":true,"showImageEffects":true,"showParticleSystems":true,"showVisualEffectGraphs":true,"m_FxEnabled":true},"in2DMode":false,"pivot":{"x":-0.5453729629516602,"y":-0.9032557010650635,"z":14.131210327148438},"rotation":{"x":0.21498428285121919,"y":0.5051450133323669,"z":-0.13097785413265229,"w":0.8258417248725891},"size":3.0490963459014894,"orthographic":false}